ASP11A;4.31;3.80
ASP29A;4.09;3.80
ASP35A;3.39;3.80
ASP41A;5.50;3.80
ASP96A;3.36;3.80
ASP101A;3.59;3.80
ASP123A;4.01;3.80
ASP133A;3.73;3.80
ASP171A;3.58;3.80
ASP182A;2.65;3.80
ASP200A;2.75;3.80
ASP205A;3.51;3.80
ASP215A;2.78;3.80
ASP217A;3.87;3.80
ASP238A;2.86;3.80
ASP262A;3.85;3.80
ASP286A;3.93;3.80
ASP287A;2.72;3.80
ASP294A;3.97;3.80
ASP11B;4.33;3.80
ASP29B;4.08;3.80
ASP35B;3.35;3.80
ASP41B;4.23;3.80
ASP96B;3.25;3.80
ASP101B;3.59;3.80
ASP123B;3.93;3.80
ASP133B;3.72;3.80
ASP171B;3.54;3.80
ASP182B;2.74;3.80
ASP200B;2.65;3.80
ASP205B;3.47;3.80
ASP215B;2.79;3.80
ASP217B;3.72;3.80
ASP238B;2.87;3.80
ASP262B;3.89;3.80
ASP286B;3.94;3.80
ASP287B;2.83;3.80
ASP294B;3.98;3.80
ASP11C;4.24;3.80
ASP29C;4.18;3.80
ASP35C;3.30;3.80
ASP41C;5.40;3.80
ASP96C;3.22;3.80
ASP101C;3.54;3.80
ASP123C;3.99;3.80
ASP133C;3.74;3.80
ASP171C;3.43;3.80
ASP182C;2.87;3.80
ASP200C;2.73;3.80
ASP205C;3.46;3.80
ASP215C;3.04;3.80
ASP217C;3.53;3.80
ASP238C;2.85;3.80
ASP262C;3.88;3.80
ASP286C;3.92;3.80
ASP287C;2.99;3.80
ASP294C;4.06;3.80
ASP11D;4.40;3.80
ASP29D;4.20;3.80
ASP35D;3.26;3.80
ASP41D;4.50;3.80
ASP96D;3.38;3.80
ASP101D;3.69;3.80
ASP123D;3.94;3.80
ASP133D;3.73;3.80
ASP171D;3.43;3.80
ASP182D;2.88;3.80
ASP200D;2.64;3.80
ASP205D;3.54;3.80
ASP215D;3.49;3.80
ASP217D;3.17;3.80
ASP238D;2.81;3.80
ASP262D;3.37;3.80
ASP286D;3.92;3.80
ASP287D;2.85;3.80
ASP294D;3.93;3.80
GLU6A;5.01;4.50
GLU24A;3.50;4.50
GLU82A;3.93;4.50
GLU116A;3.88;4.50
GLU135A;3.51;4.50
GLU164A;3.58;4.50
GLU168A;3.38;4.50
GLU184A;4.67;4.50
GLU188A;4.45;4.50
GLU195A;4.59;4.50
GLU203A;4.16;4.50
GLU242A;4.87;4.50
GLU249A;4.69;4.50
GLU277A;4.15;4.50
GLU296A;3.11;4.50
GLU314A;3.56;4.50
GLU323A;4.45;4.50
GLU6B;4.85;4.50
GLU24B;3.60;4.50
GLU82B;4.09;4.50
GLU116B;3.94;4.50
GLU135B;3.51;4.50
GLU164B;3.33;4.50
GLU168B;3.18;4.50
GLU184B;4.68;4.50
GLU188B;4.46;4.50
GLU195B;4.59;4.50
GLU203B;4.26;4.50
GLU242B;4.87;4.50
GLU249B;4.69;4.50
GLU277B;4.17;4.50
GLU296B;3.08;4.50
GLU314B;3.45;4.50
GLU323B;4.46;4.50
GLU6C;5.04;4.50
GLU24C;3.51;4.50
GLU82C;3.98;4.50
GLU116C;3.94;4.50
GLU135C;3.53;4.50
GLU164C;3.43;4.50
GLU168C;3.16;4.50
GLU184C;4.64;4.50
GLU188C;4.46;4.50
GLU195C;4.59;4.50
GLU203C;4.16;4.50
GLU242C;4.86;4.50
GLU249C;4.69;4.50
GLU277C;3.89;4.50
GLU296C;3.11;4.50
GLU314C;3.57;4.50
GLU323C;4.46;4.50
GLU6D;4.96;4.50
GLU24D;3.32;4.50
GLU82D;3.82;4.50
GLU116D;4.00;4.50
GLU135D;3.55;4.50
GLU164D;3.38;4.50
GLU168D;3.21;4.50
GLU184D;4.65;4.50
GLU188D;4.47;4.50
GLU195D;4.58;4.50
GLU203D;4.17;4.50
GLU242D;4.88;4.50
GLU249D;4.59;4.50
GLU277D;4.02;4.50
GLU296D;3.09;4.50
GLU314D;3.45;4.50
GLU323D;4.39;4.50
C-327A;3.27;3.20
C-327B;3.27;3.20
C-327C;3.28;3.20
C-327D;3.27;3.20
HIS30A;2.25;6.50
HIS36A;6.15;6.50
HIS179A;4.54;6.50
HIS244A;6.66;6.50
HIS30B;2.24;6.50
HIS36B;6.17;6.50
HIS179B;4.46;6.50
HIS244B;6.65;6.50
HIS30C;2.23;6.50
HIS36C;6.15;6.50
HIS179C;4.64;6.50
HIS244C;6.58;6.50
HIS30D;2.28;6.50
HIS36D;6.16;6.50
HIS179D;4.92;6.50
HIS244D;7.04;6.50
CYS211A;12.51;9.00
CYS282A;10.70;9.00
CYS288A;12.74;9.00
CYS211B;12.50;9.00
CYS282B;10.53;9.00
CYS288B;12.74;9.00
CYS211C;12.45;9.00
CYS282C;10.43;9.00
CYS288C;12.83;9.00
CYS211D;12.90;9.00
CYS282D;10.49;9.00
CYS288D;12.41;9.00
TYR18A;13.59;10.00
TYR19A;12.20;10.00
TYR37A;11.05;10.00
TYR43A;13.52;10.00
TYR66A;11.17;10.00
TYR154A;14.32;10.00
TYR209A;15.52;10.00
TYR18B;13.88;10.00
TYR19B;11.77;10.00
TYR37B;10.88;10.00
TYR43B;13.34;10.00
TYR66B;11.17;10.00
TYR154B;14.39;10.00
TYR209B;15.83;10.00
TYR18C;13.63;10.00
TYR19C;11.53;10.00
TYR37C;10.88;10.00
TYR43C;13.25;10.00
TYR66C;11.22;10.00
TYR154C;14.38;10.00
TYR209C;15.78;10.00
TYR18D;13.73;10.00
TYR19D;12.50;10.00
TYR37D;11.20;10.00
TYR43D;13.14;10.00
TYR66D;11.19;10.00
TYR154D;14.43;10.00
TYR209D;15.66;10.00
LYS2A;10.64;10.50
LYS15A;11.11;10.50
LYS21A;9.24;10.50
LYS57A;9.18;10.50
LYS97A;10.93;10.50
LYS108A;10.37;10.50
LYS109A;11.55;10.50
LYS115A;11.04;10.50
LYS128A;10.47;10.50
LYS129A;10.37;10.50
LYS138A;10.54;10.50
LYS143A;10.14;10.50
LYS147A;10.41;10.50
LYS161A;10.45;10.50
LYS181A;10.38;10.50
LYS191A;10.81;10.50
LYS192A;10.61;10.50
LYS196A;11.97;10.50
LYS216A;10.43;10.50
LYS220A;11.00;10.50
LYS226A;9.99;10.50
LYS251A;11.28;10.50
LYS260A;10.57;10.50
LYS290A;10.72;10.50
LYS293A;11.64;10.50
LYS313A;9.51;10.50
LYS315A;10.13;10.50
LYS318A;10.20;10.50
LYS322A;10.83;10.50
LYS327A;9.37;10.50
LYS2B;10.61;10.50
LYS15B;11.86;10.50
LYS21B;9.16;10.50
LYS57B;9.22;10.50
LYS97B;10.93;10.50
LYS108B;10.09;10.50
LYS109B;11.54;10.50
LYS115B;10.98;10.50
LYS128B;10.43;10.50
LYS129B;10.37;10.50
LYS138B;10.56;10.50
LYS143B;10.13;10.50
LYS147B;10.42;10.50
LYS161B;10.44;10.50
LYS181B;10.39;10.50
LYS191B;10.85;10.50
LYS192B;10.87;10.50
LYS196B;12.16;10.50
LYS216B;10.42;10.50
LYS220B;10.97;10.50
LYS226B;9.99;10.50
LYS251B;11.26;10.50
LYS260B;10.56;10.50
LYS290B;10.71;10.50
LYS293B;11.65;10.50
LYS313B;9.52;10.50
LYS315B;10.11;10.50
LYS318B;10.14;10.50
LYS322B;10.85;10.50
LYS327B;9.30;10.50
LYS2C;10.65;10.50
LYS15C;11.72;10.50
LYS21C;9.26;10.50
LYS57C;9.17;10.50
LYS97C;10.99;10.50
LYS108C;10.33;10.50
LYS109C;11.53;10.50
LYS115C;11.07;10.50
LYS128C;10.47;10.50
LYS129C;10.36;10.50
LYS138C;10.52;10.50
LYS143C;10.12;10.50
LYS147C;10.40;10.50
LYS161C;10.44;10.50
LYS181C;10.39;10.50
LYS191C;10.83;10.50
LYS192C;10.86;10.50
LYS196C;11.98;10.50
LYS216C;10.42;10.50
LYS220C;10.81;10.50
LYS226C;9.98;10.50
LYS251C;11.26;10.50
LYS260C;10.56;10.50
LYS290C;10.73;10.50
LYS293C;11.66;10.50
LYS313C;9.66;10.50
LYS315C;10.12;10.50
LYS318C;10.21;10.50
LYS322C;10.83;10.50
LYS327C;9.27;10.50
LYS2D;10.57;10.50
LYS15D;11.16;10.50
LYS21D;9.14;10.50
LYS57D;9.27;10.50
LYS97D;10.84;10.50
LYS108D;10.23;10.50
LYS109D;11.48;10.50
LYS115D;11.01;10.50
LYS128D;10.48;10.50
LYS129D;10.38;10.50
LYS138D;10.53;10.50
LYS143D;10.12;10.50
LYS147D;10.42;10.50
LYS161D;10.43;10.50
LYS181D;10.40;10.50
LYS191D;10.83;10.50
LYS192D;10.79;10.50
LYS196D;12.13;10.50
LYS216D;10.30;10.50
LYS220D;10.65;10.50
LYS226D;9.81;10.50
LYS251D;11.17;10.50
LYS260D;10.59;10.50
LYS290D;10.70;10.50
LYS293D;11.55;10.50
LYS313D;9.48;10.50
LYS315D;10.42;10.50
LYS318D;10.16;10.50
LYS322D;10.87;10.50
LYS327D;9.39;10.50
ARG40A;13.04;12.50
ARG68A;14.18;12.50
ARG87A;9.98;12.50
ARG122A;12.23;12.50
ARG199A;12.36;12.50
ARG243A;12.90;12.50
ARG291A;11.46;12.50
ARG40B;13.19;12.50
ARG68B;14.83;12.50
ARG87B;9.93;12.50
ARG122B;12.29;12.50
ARG199B;12.06;12.50
ARG243B;12.85;12.50
ARG291B;11.37;12.50
ARG40C;13.27;12.50
ARG68C;14.84;12.50
ARG87C;10.11;12.50
ARG122C;12.44;12.50
ARG199C;12.18;12.50
ARG243C;12.75;12.50
ARG291C;11.38;12.50
ARG40D;13.05;12.50
ARG68D;14.33;12.50
ARG87D;10.13;12.50
ARG122D;12.33;12.50
ARG199D;12.21;12.50
ARG243D;12.72;12.50
ARG291D;12.07;12.50
N+1A;7.67;8.00
N+1B;7.67;8.00
N+1C;7.66;8.00
N+1D;7.68;8.00
